wilayah_id,induk_wilayah_id,tingkat_wilayah,nama_wilayah,provinsi,kabupaten,kecamatan,desa_kelurahan
KAB_JEMBER,,KABUPATEN,JEMBER,JAWA TIMUR,JEMBER,,
KEC_01,KAB_JEMBER,KECAMATAN,JOMBANG,JAWA TIMUR,JEMBER,JOMBANG,
KEC_02,KAB_JEMBER,KECAMATAN,KENCONG,JAWA TIMUR,JEMBER,KENCONG,
KEC_03,KAB_JEMBER,KECAMATAN,SUMBER BARU,JAWA TIMUR,JEMBER,SUMBER BARU,
KEC_04,KAB_JEMBER,KECAMATAN,GUMUK MAS,JAWA TIMUR,JEMBER,GUMUK MAS,
KEC_05,KAB_JEMBER,KECAMATAN,UMBULSARI,JAWA TIMUR,JEMBER,UMBULSARI,
KEC_06,KAB_JEMBER,KECAMATAN,TANGGUL,JAWA TIMUR,JEMBER,TANGGUL,
KEC_07,KAB_JEMBER,KECAMATAN,SEMBORO,JAWA TIMUR,JEMBER,SEMBORO,
KEC_08,KAB_JEMBER,KECAMATAN,PUGER,JAWA TIMUR,JEMBER,PUGER,
KEC_09,KAB_JEMBER,KECAMATAN,BANGSALSARI,JAWA TIMUR,JEMBER,BANGSALSARI,
KEC_10,KAB_JEMBER,KECAMATAN,BALUNG,JAWA TIMUR,JEMBER,BALUNG,
KEC_11,KAB_JEMBER,KECAMATAN,WULUHAN,JAWA TIMUR,JEMBER,WULUHAN,
KEC_12,KAB_JEMBER,KECAMATAN,AMBULU,JAWA TIMUR,JEMBER,AMBULU,
KEC_13,KAB_JEMBER,KECAMATAN,RAMBIPUJI,JAWA TIMUR,JEMBER,RAMBIPUJI,
KEC_14,KAB_JEMBER,KECAMATAN,PANTI,JAWA TIMUR,JEMBER,PANTI,
KEC_15,KAB_JEMBER,KECAMATAN,SUKORAMBI,JAWA TIMUR,JEMBER,SUKORAMBI,
KEC_16,KAB_JEMBER,KECAMATAN,JENGGAWAH,JAWA TIMUR,JEMBER,JENGGAWAH,
KEC_17,KAB_JEMBER,KECAMATAN,AJUNG,JAWA TIMUR,JEMBER,AJUNG,
KEC_18,KAB_JEMBER,KECAMATAN,TEMPUREJO,JAWA TIMUR,JEMBER,TEMPUREJO,
KEC_19,KAB_JEMBER,KECAMATAN,KALIWATES,JAWA TIMUR,JEMBER,KALIWATES,
KEC_20,KAB_JEMBER,KECAMATAN,PATRANG,JAWA TIMUR,JEMBER,PATRANG,
KEC_21,KAB_JEMBER,KECAMATAN,SUMBERSARI,JAWA TIMUR,JEMBER,SUMBERSARI,
KEC_22,KAB_JEMBER,KECAMATAN,ARJASA,JAWA TIMUR,JEMBER,ARJASA,
KEC_23,KAB_JEMBER,KECAMATAN,MUMBULSARI,JAWA TIMUR,JEMBER,MUMBULSARI,
KEC_24,KAB_JEMBER,KECAMATAN,PAKUSARI,JAWA TIMUR,JEMBER,PAKUSARI,
KEC_25,KAB_JEMBER,KECAMATAN,JELBUK,JAWA TIMUR,JEMBER,JELBUK,
KEC_26,KAB_JEMBER,KECAMATAN,MAYANG,JAWA TIMUR,JEMBER,MAYANG,
KEC_27,KAB_JEMBER,KECAMATAN,KALISAT,JAWA TIMUR,JEMBER,KALISAT,
KEC_28,KAB_JEMBER,KECAMATAN,LEDOKOMBO,JAWA TIMUR,JEMBER,LEDOKOMBO,
KEC_29,KAB_JEMBER,KECAMATAN,SUKOWONO,JAWA TIMUR,JEMBER,SUKOWONO,
KEC_30,KAB_JEMBER,KECAMATAN,SILO,JAWA TIMUR,JEMBER,SILO,
KEC_31,KAB_JEMBER,KECAMATAN,SUMBERJAMBE,JAWA TIMUR,JEMBER,SUMBERJAMBE,
DES_01_01,KEC_01,DESA/KELURAHAN,PADOMASAN,JAWA TIMUR,JEMBER,JOMBANG,PADOMASAN
DES_01_02,KEC_01,DESA/KELURAHAN,KETING,JAWA TIMUR,JEMBER,JOMBANG,KETING
DES_01_03,KEC_01,DESA/KELURAHAN,JOMBANG,JAWA TIMUR,JEMBER,JOMBANG,JOMBANG
DES_01_04,KEC_01,DESA/KELURAHAN,NGAMPELREJO,JAWA TIMUR,JEMBER,JOMBANG,NGAMPELREJO
DES_01_05,KEC_01,DESA/KELURAHAN,WRINGINAGUNG,JAWA TIMUR,JEMBER,JOMBANG,WRINGINAGUNG
DES_01_06,KEC_01,DESA/KELURAHAN,SARIMULYO,JAWA TIMUR,JEMBER,JOMBANG,SARIMULYO
DES_02_01,KEC_02,DESA/KELURAHAN,CAKRU,JAWA TIMUR,JEMBER,KENCONG,CAKRU
DES_02_02,KEC_02,DESA/KELURAHAN,PASEBAN,JAWA TIMUR,JEMBER,KENCONG,PASEBAN
DES_02_03,KEC_02,DESA/KELURAHAN,KRATON,JAWA TIMUR,JEMBER,KENCONG,KRATON
DES_02_04,KEC_02,DESA/KELURAHAN,KENCONG,JAWA TIMUR,JEMBER,KENCONG,KENCONG
DES_02_05,KEC_02,DESA/KELURAHAN,WONOREJO,JAWA TIMUR,JEMBER,KENCONG,WONOREJO
DES_03_01,KEC_03,DESA/KELURAHAN,JAMINTORO,JAWA TIMUR,JEMBER,SUMBER BARU,JAMINTORO
DES_03_02,KEC_03,DESA/KELURAHAN,JATIROTO,JAWA TIMUR,JEMBER,SUMBER BARU,JATIROTO
DES_03_03,KEC_03,DESA/KELURAHAN,KALIGLAGAH,JAWA TIMUR,JEMBER,SUMBER BARU,KALIGLAGAH
DES_03_04,KEC_03,DESA/KELURAHAN,JAMBESARI,JAWA TIMUR,JEMBER,SUMBER BARU,JAMBESARI
DES_03_05,KEC_03,DESA/KELURAHAN,YOSORATI,JAWA TIMUR,JEMBER,SUMBER BARU,YOSORATI
DES_03_06,KEC_03,DESA/KELURAHAN,SUMBERAGUNG,JAWA TIMUR,JEMBER,SUMBER BARU,SUMBERAGUNG
DES_03_07,KEC_03,DESA/KELURAHAN,GELANG,JAWA TIMUR,JEMBER,SUMBER BARU,GELANG
DES_03_08,KEC_03,DESA/KELURAHAN,ROWOTENGAH,JAWA TIMUR,JEMBER,SUMBER BARU,ROWOTENGAH
DES_03_09,KEC_03,DESA/KELURAHAN,PRINGGOWIRAWAN,JAWA TIMUR,JEMBER,SUMBER BARU,PRINGGOWIRAWAN
DES_03_10,KEC_03,DESA/KELURAHAN,KARANGBAYAT,JAWA TIMUR,JEMBER,SUMBER BARU,KARANGBAYAT
DES_04_01,KEC_04,DESA/KELURAHAN,KEPANJEN,JAWA TIMUR,JEMBER,GUMUK MAS,KEPANJEN
DES_04_02,KEC_04,DESA/KELURAHAN,MAYANGAN,JAWA TIMUR,JEMBER,GUMUK MAS,MAYANGAN
DES_04_03,KEC_04,DESA/KELURAHAN,GUMUKMAS,JAWA TIMUR,JEMBER,GUMUK MAS,GUMUKMAS
DES_04_04,KEC_04,DESA/KELURAHAN,MENAMPU,JAWA TIMUR,JEMBER,GUMUK MAS,MENAMPU
DES_04_05,KEC_04,DESA/KELURAHAN,TEMBOKREJO,JAWA TIMUR,JEMBER,GUMUK MAS,TEMBOKREJO
DES_04_06,KEC_04,DESA/KELURAHAN,PURWOASRI,JAWA TIMUR,JEMBER,GUMUK MAS,PURWOASRI
DES_04_07,KEC_04,DESA/KELURAHAN,BAGOREJO,JAWA TIMUR,JEMBER,GUMUK MAS,BAGOREJO
DES_04_08,KEC_04,DESA/KELURAHAN,KARANGREJO,JAWA TIMUR,JEMBER,GUMUK MAS,KARANGREJO
DES_05_01,KEC_05,DESA/KELURAHAN,SUKORENO,JAWA TIMUR,JEMBER,UMBULSARI,SUKORENO
DES_05_02,KEC_05,DESA/KELURAHAN,SIDOREJO,JAWA TIMUR,JEMBER,UMBULSARI,SIDOREJO
DES_05_03,KEC_05,DESA/KELURAHAN,GUNUNGSARI,JAWA TIMUR,JEMBER,UMBULSARI,GUNUNGSARI
DES_05_04,KEC_05,DESA/KELURAHAN,GADINGREJO,JAWA TIMUR,JEMBER,UMBULSARI,GADINGREJO
DES_05_05,KEC_05,DESA/KELURAHAN,UMBULREJO,JAWA TIMUR,JEMBER,UMBULSARI,UMBULREJO
DES_05_06,KEC_05,DESA/KELURAHAN,UMBULSARI,JAWA TIMUR,JEMBER,UMBULSARI,UMBULSARI
DES_05_07,KEC_05,DESA/KELURAHAN,TANJUNGSARI,JAWA TIMUR,JEMBER,UMBULSARI,TANJUNGSARI
DES_05_08,KEC_05,DESA/KELURAHAN,TEGALWANGI,JAWA TIMUR,JEMBER,UMBULSARI,TEGALWANGI
DES_05_09,KEC_05,DESA/KELURAHAN,PALERAN,JAWA TIMUR,JEMBER,UMBULSARI,PALERAN
DES_05_10,KEC_05,DESA/KELURAHAN,MUNDUREJO,JAWA TIMUR,JEMBER,UMBULSARI,MUNDUREJO
DES_06_01,KEC_06,DESA/KELURAHAN,TANGGULKULON,JAWA TIMUR,JEMBER,TANGGUL,TANGGULKULON
DES_06_02,KEC_06,DESA/KELURAHAN,TANGGULWETAN,JAWA TIMUR,JEMBER,TANGGUL,TANGGULWETAN
DES_06_03,KEC_06,DESA/KELURAHAN,PATEMON,JAWA TIMUR,JEMBER,TANGGUL,PATEMON
DES_06_04,KEC_06,DESA/KELURAHAN,DARUNGAN,JAWA TIMUR,JEMBER,TANGGUL,DARUNGAN
DES_06_05,KEC_06,DESA/KELURAHAN,MANGGISAN,JAWA TIMUR,JEMBER,TANGGUL,MANGGISAN
DES_06_06,KEC_06,DESA/KELURAHAN,SELODAKON,JAWA TIMUR,JEMBER,TANGGUL,SELODAKON
DES_06_07,KEC_06,DESA/KELURAHAN,KRAMAT SUKOHARJO,JAWA TIMUR,JEMBER,TANGGUL,KRAMAT SUKOHARJO
DES_06_08,KEC_06,DESA/KELURAHAN,KLATAKAN,JAWA TIMUR,JEMBER,TANGGUL,KLATAKAN
DES_07_01,KEC_07,DESA/KELURAHAN,PONDOKJOYO,JAWA TIMUR,JEMBER,SEMBORO,PONDOKJOYO
DES_07_02,KEC_07,DESA/KELURAHAN,PONDOKDALEM,JAWA TIMUR,JEMBER,SEMBORO,PONDOKDALEM
DES_07_03,KEC_07,DESA/KELURAHAN,REJOAGUNG,JAWA TIMUR,JEMBER,SEMBORO,REJOAGUNG
DES_07_04,KEC_07,DESA/KELURAHAN,SEMBORO,JAWA TIMUR,JEMBER,SEMBORO,SEMBORO
DES_07_05,KEC_07,DESA/KELURAHAN,SIDOMEKAR,JAWA TIMUR,JEMBER,SEMBORO,SIDOMEKAR
DES_07_06,KEC_07,DESA/KELURAHAN,SIDOMULYO,JAWA TIMUR,JEMBER,SEMBORO,SIDOMULYO
DES_08_01,KEC_08,DESA/KELURAHAN,MLOKOREJO,JAWA TIMUR,JEMBER,PUGER,MLOKOREJO
DES_08_02,KEC_08,DESA/KELURAHAN,MOJOMULYO,JAWA TIMUR,JEMBER,PUGER,MOJOMULYO
DES_08_03,KEC_08,DESA/KELURAHAN,MOJOSARI,JAWA TIMUR,JEMBER,PUGER,MOJOSARI
DES_08_04,KEC_08,DESA/KELURAHAN,PUGERKULON,JAWA TIMUR,JEMBER,PUGER,PUGERKULON
DES_08_05,KEC_08,DESA/KELURAHAN,WRINGINTELU,JAWA TIMUR,JEMBER,PUGER,WRINGINTELU
DES_08_06,KEC_08,DESA/KELURAHAN,KASIYAN,JAWA TIMUR,JEMBER,PUGER,KASIYAN
DES_08_07,KEC_08,DESA/KELURAHAN,BAGON,JAWA TIMUR,JEMBER,PUGER,BAGON
DES_08_08,KEC_08,DESA/KELURAHAN,KASIYAN TIMUR,JAWA TIMUR,JEMBER,PUGER,KASIYAN TIMUR
DES_08_09,KEC_08,DESA/KELURAHAN,WONOSARI,JAWA TIMUR,JEMBER,PUGER,WONOSARI
DES_08_10,KEC_08,DESA/KELURAHAN,JAMBEARUM,JAWA TIMUR,JEMBER,PUGER,JAMBEARUM
DES_08_11,KEC_08,DESA/KELURAHAN,GRENDEN,JAWA TIMUR,JEMBER,PUGER,GRENDEN
DES_08_12,KEC_08,DESA/KELURAHAN,PUGERWETAN,JAWA TIMUR,JEMBER,PUGER,PUGERWETAN
DES_09_01,KEC_09,DESA/KELURAHAN,CURAHKALONG,JAWA TIMUR,JEMBER,BANGSALSARI,CURAHKALONG
DES_09_02,KEC_09,DESA/KELURAHAN,GAMBIRONO,JAWA TIMUR,JEMBER,BANGSALSARI,GAMBIRONO
DES_09_03,KEC_09,DESA/KELURAHAN,BANGSALSARI,JAWA TIMUR,JEMBER,BANGSALSARI,BANGSALSARI
DES_09_04,KEC_09,DESA/KELURAHAN,TUGUSARI,JAWA TIMUR,JEMBER,BANGSALSARI,TUGUSARI
DES_09_05,KEC_09,DESA/KELURAHAN,KARANGSONO,JAWA TIMUR,JEMBER,BANGSALSARI,KARANGSONO
DES_09_06,KEC_09,DESA/KELURAHAN,SUKOREJO,JAWA TIMUR,JEMBER,BANGSALSARI,SUKOREJO
DES_09_07,KEC_09,DESA/KELURAHAN,LANGKAP,JAWA TIMUR,JEMBER,BANGSALSARI,LANGKAP
DES_09_08,KEC_09,DESA/KELURAHAN,TISNOGAMBAR,JAWA TIMUR,JEMBER,BANGSALSARI,TISNOGAMBAR
DES_09_09,KEC_09,DESA/KELURAHAN,PETUNG,JAWA TIMUR,JEMBER,BANGSALSARI,PETUNG
DES_09_10,KEC_09,DESA/KELURAHAN,BANJARSARI,JAWA TIMUR,JEMBER,BANGSALSARI,BANJARSARI
DES_09_11,KEC_09,DESA/KELURAHAN,BADEAN,JAWA TIMUR,JEMBER,BANGSALSARI,BADEAN
DES_10_01,KEC_10,DESA/KELURAHAN,KARANGDUREN,JAWA TIMUR,JEMBER,BALUNG,KARANGDUREN
DES_10_02,KEC_10,DESA/KELURAHAN,KARANG SEMANDING,JAWA TIMUR,JEMBER,BALUNG,KARANG SEMANDING
DES_10_03,KEC_10,DESA/KELURAHAN,TUTUL,JAWA TIMUR,JEMBER,BALUNG,TUTUL
DES_10_04,KEC_10,DESA/KELURAHAN,BALUNGKULON,JAWA TIMUR,JEMBER,BALUNG,BALUNGKULON
DES_10_05,KEC_10,DESA/KELURAHAN,BALUNGLOR,JAWA TIMUR,JEMBER,BALUNG,BALUNGLOR
DES_10_06,KEC_10,DESA/KELURAHAN,BALUNGKIDUL,JAWA TIMUR,JEMBER,BALUNG,BALUNGKIDUL
DES_10_07,KEC_10,DESA/KELURAHAN,CURAHLELE,JAWA TIMUR,JEMBER,BALUNG,CURAHLELE
DES_10_08,KEC_10,DESA/KELURAHAN,GUMELAR,JAWA TIMUR,JEMBER,BALUNG,GUMELAR
DES_11_01,KEC_11,DESA/KELURAHAN,LOJEJER,JAWA TIMUR,JEMBER,WULUHAN,LOJEJER
DES_11_02,KEC_11,DESA/KELURAHAN,AMPEL,JAWA TIMUR,JEMBER,WULUHAN,AMPEL
DES_11_03,KEC_11,DESA/KELURAHAN,TAMANSARI,JAWA TIMUR,JEMBER,WULUHAN,TAMANSARI
DES_11_04,KEC_11,DESA/KELURAHAN,DUKUHDEMPOK,JAWA TIMUR,JEMBER,WULUHAN,DUKUHDEMPOK
DES_11_05,KEC_11,DESA/KELURAHAN,GLUNDENGAN,JAWA TIMUR,JEMBER,WULUHAN,GLUNDENGAN
DES_11_06,KEC_11,DESA/KELURAHAN,TANJUNGREJO,JAWA TIMUR,JEMBER,WULUHAN,TANJUNGREJO
DES_11_07,KEC_11,DESA/KELURAHAN,KESILIR,JAWA TIMUR,JEMBER,WULUHAN,KESILIR
DES_12_01,KEC_12,DESA/KELURAHAN,TEGALSARI,JAWA TIMUR,JEMBER,AMBULU,TEGALSARI
DES_12_02,KEC_12,DESA/KELURAHAN,SABRANG,JAWA TIMUR,JEMBER,AMBULU,SABRANG
DES_12_03,KEC_12,DESA/KELURAHAN,SUMBEREJO,JAWA TIMUR,JEMBER,AMBULU,SUMBEREJO
DES_12_04,KEC_12,DESA/KELURAHAN,AMBULU,JAWA TIMUR,JEMBER,AMBULU,AMBULU
DES_12_05,KEC_12,DESA/KELURAHAN,KARANGANYAR,JAWA TIMUR,JEMBER,AMBULU,KARANGANYAR
DES_12_06,KEC_12,DESA/KELURAHAN,ANDONGSARI,JAWA TIMUR,JEMBER,AMBULU,ANDONGSARI
DES_12_07,KEC_12,DESA/KELURAHAN,PONTANG,JAWA TIMUR,JEMBER,AMBULU,PONTANG
DES_13_01,KEC_13,DESA/KELURAHAN,NOGOSARI,JAWA TIMUR,JEMBER,RAMBIPUJI,NOGOSARI
DES_13_02,KEC_13,DESA/KELURAHAN,CURAHMALANG,JAWA TIMUR,JEMBER,RAMBIPUJI,CURAHMALANG
DES_13_03,KEC_13,DESA/KELURAHAN,ROWOTAMTU,JAWA TIMUR,JEMBER,RAMBIPUJI,ROWOTAMTU
DES_13_04,KEC_13,DESA/KELURAHAN,KALIWINING,JAWA TIMUR,JEMBER,RAMBIPUJI,KALIWINING
DES_13_05,KEC_13,DESA/KELURAHAN,PECORO,JAWA TIMUR,JEMBER,RAMBIPUJI,PECORO
DES_13_06,KEC_13,DESA/KELURAHAN,RAMBIPUJI,JAWA TIMUR,JEMBER,RAMBIPUJI,RAMBIPUJI
DES_13_07,KEC_13,DESA/KELURAHAN,GUGUT,JAWA TIMUR,JEMBER,RAMBIPUJI,GUGUT
DES_13_08,KEC_13,DESA/KELURAHAN,RAMBIGUNDAM,JAWA TIMUR,JEMBER,RAMBIPUJI,RAMBIGUNDAM
DES_14_01,KEC_14,DESA/KELURAHAN,PAKIS,JAWA TIMUR,JEMBER,PANTI,PAKIS
DES_14_02,KEC_14,DESA/KELURAHAN,KEMUNING SARI LOR,JAWA TIMUR,JEMBER,PANTI,KEMUNING SARI LOR
DES_14_03,KEC_14,DESA/KELURAHAN,PANTI,JAWA TIMUR,JEMBER,PANTI,PANTI
DES_14_04,KEC_14,DESA/KELURAHAN,GLAGAHWERO,JAWA TIMUR,JEMBER,PANTI,GLAGAHWERO
DES_14_05,KEC_14,DESA/KELURAHAN,SUCI,JAWA TIMUR,JEMBER,PANTI,SUCI
DES_14_06,KEC_14,DESA/KELURAHAN,KEMIRI,JAWA TIMUR,JEMBER,PANTI,KEMIRI
DES_14_07,KEC_14,DESA/KELURAHAN,SERUT,JAWA TIMUR,JEMBER,PANTI,SERUT
DES_15_01,KEC_15,DESA/KELURAHAN,JUBUNG,JAWA TIMUR,JEMBER,SUKORAMBI,JUBUNG
DES_15_02,KEC_15,DESA/KELURAHAN,DUKUHMENCEK,JAWA TIMUR,JEMBER,SUKORAMBI,DUKUHMENCEK
DES_15_03,KEC_15,DESA/KELURAHAN,SUKORAMBI,JAWA TIMUR,JEMBER,SUKORAMBI,SUKORAMBI
DES_15_04,KEC_15,DESA/KELURAHAN,KARANGPRING,JAWA TIMUR,JEMBER,SUKORAMBI,KARANGPRING
DES_15_05,KEC_15,DESA/KELURAHAN,KLUNGKUNG,JAWA TIMUR,JEMBER,SUKORAMBI,KLUNGKUNG
DES_16_01,KEC_16,DESA/KELURAHAN,KEMUNINGSARIKIDUL,JAWA TIMUR,JEMBER,JENGGAWAH,KEMUNINGSARIKIDUL
DES_16_02,KEC_16,DESA/KELURAHAN,WONOJATI,JAWA TIMUR,JEMBER,JENGGAWAH,WONOJATI
DES_16_03,KEC_16,DESA/KELURAHAN,JENGGAWAH,JAWA TIMUR,JEMBER,JENGGAWAH,JENGGAWAH
DES_16_04,KEC_16,DESA/KELURAHAN,KERTONEGORO,JAWA TIMUR,JEMBER,JENGGAWAH,KERTONEGORO
DES_16_05,KEC_16,DESA/KELURAHAN,SRUNI,JAWA TIMUR,JEMBER,JENGGAWAH,SRUNI
DES_16_06,KEC_16,DESA/KELURAHAN,JATISARI,JAWA TIMUR,JEMBER,JENGGAWAH,JATISARI
DES_16_07,KEC_16,DESA/KELURAHAN,JATIMULYO,JAWA TIMUR,JEMBER,JENGGAWAH,JATIMULYO
DES_16_08,KEC_16,DESA/KELURAHAN,CANGKRING,JAWA TIMUR,JEMBER,JENGGAWAH,CANGKRING
DES_17_01,KEC_17,DESA/KELURAHAN,SUKAMAKMUR,JAWA TIMUR,JEMBER,AJUNG,SUKAMAKMUR
DES_17_02,KEC_17,DESA/KELURAHAN,MANGARAN,JAWA TIMUR,JEMBER,AJUNG,MANGARAN
DES_17_03,KEC_17,DESA/KELURAHAN,PANCAKARYA,JAWA TIMUR,JEMBER,AJUNG,PANCAKARYA
DES_17_04,KEC_17,DESA/KELURAHAN,AJUNG,JAWA TIMUR,JEMBER,AJUNG,AJUNG
DES_17_05,KEC_17,DESA/KELURAHAN,KLOMPANGAN,JAWA TIMUR,JEMBER,AJUNG,KLOMPANGAN
DES_17_06,KEC_17,DESA/KELURAHAN,WIROWONGSO,JAWA TIMUR,JEMBER,AJUNG,WIROWONGSO
DES_17_07,KEC_17,DESA/KELURAHAN,ROWOINDAH,JAWA TIMUR,JEMBER,AJUNG,ROWOINDAH
DES_18_01,KEC_18,DESA/KELURAHAN,SIDODADI,JAWA TIMUR,JEMBER,TEMPUREJO,SIDODADI
DES_18_02,KEC_18,DESA/KELURAHAN,TEMPUREJO,JAWA TIMUR,JEMBER,TEMPUREJO,TEMPUREJO
DES_18_03,KEC_18,DESA/KELURAHAN,ANDONGREJO,JAWA TIMUR,JEMBER,TEMPUREJO,ANDONGREJO
DES_18_04,KEC_18,DESA/KELURAHAN,PONDOKREJO,JAWA TIMUR,JEMBER,TEMPUREJO,PONDOKREJO
DES_18_05,KEC_18,DESA/KELURAHAN,WONOASRI,JAWA TIMUR,JEMBER,TEMPUREJO,WONOASRI
DES_18_06,KEC_18,DESA/KELURAHAN,CURAHNONGKO,JAWA TIMUR,JEMBER,TEMPUREJO,CURAHNONGKO
DES_18_07,KEC_18,DESA/KELURAHAN,CURAHTAKIR,JAWA TIMUR,JEMBER,TEMPUREJO,CURAHTAKIR
DES_18_08,KEC_18,DESA/KELURAHAN,SANENREJO,JAWA TIMUR,JEMBER,TEMPUREJO,SANENREJO
DES_19_01,KEC_19,DESA/KELURAHAN,MANGLI,JAWA TIMUR,JEMBER,KALIWATES,MANGLI
DES_19_02,KEC_19,DESA/KELURAHAN,SEMPUSARI,JAWA TIMUR,JEMBER,KALIWATES,SEMPUSARI
DES_19_03,KEC_19,DESA/KELURAHAN,KEBONAGUNG,JAWA TIMUR,JEMBER,KALIWATES,KEBONAGUNG
DES_19_04,KEC_19,DESA/KELURAHAN,KALIWATES,JAWA TIMUR,JEMBER,KALIWATES,KALIWATES
DES_19_05,KEC_19,DESA/KELURAHAN,JEMBERKIDUL,JAWA TIMUR,JEMBER,KALIWATES,JEMBERKIDUL
DES_19_06,KEC_19,DESA/KELURAHAN,KEPATIHAN,JAWA TIMUR,JEMBER,KALIWATES,KEPATIHAN
DES_19_07,KEC_19,DESA/KELURAHAN,TEGALBESAR,JAWA TIMUR,JEMBER,KALIWATES,TEGALBESAR
DES_20_01,KEC_20,DESA/KELURAHAN,BANJARSENGON,JAWA TIMUR,JEMBER,PATRANG,BANJARSENGON
DES_20_02,KEC_20,DESA/KELURAHAN,JUMERTO,JAWA TIMUR,JEMBER,PATRANG,JUMERTO
DES_20_03,KEC_20,DESA/KELURAHAN,GEBANG,JAWA TIMUR,JEMBER,PATRANG,GEBANG
DES_20_04,KEC_20,DESA/KELURAHAN,SLAWU,JAWA TIMUR,JEMBER,PATRANG,SLAWU
DES_20_05,KEC_20,DESA/KELURAHAN,BINTORO,JAWA TIMUR,JEMBER,PATRANG,BINTORO
DES_20_06,KEC_20,DESA/KELURAHAN,JEMBERLOR,JAWA TIMUR,JEMBER,PATRANG,JEMBERLOR
DES_20_07,KEC_20,DESA/KELURAHAN,PATRANG,JAWA TIMUR,JEMBER,PATRANG,PATRANG
DES_20_08,KEC_20,DESA/KELURAHAN,BARATAN,JAWA TIMUR,JEMBER,PATRANG,BARATAN
DES_21_01,KEC_21,DESA/KELURAHAN,KEBONSARI,JAWA TIMUR,JEMBER,SUMBERSARI,KEBONSARI
DES_21_02,KEC_21,DESA/KELURAHAN,SUMBERSARI,JAWA TIMUR,JEMBER,SUMBERSARI,SUMBERSARI
DES_21_03,KEC_21,DESA/KELURAHAN,KRANJINGAN,JAWA TIMUR,JEMBER,SUMBERSARI,KRANJINGAN
DES_21_04,KEC_21,DESA/KELURAHAN,KARANGREJO,JAWA TIMUR,JEMBER,SUMBERSARI,KARANGREJO
DES_21_05,KEC_21,DESA/KELURAHAN,TEGALGEDE,JAWA TIMUR,JEMBER,SUMBERSARI,TEGALGEDE
DES_21_06,KEC_21,DESA/KELURAHAN,WIROLEGI,JAWA TIMUR,JEMBER,SUMBERSARI,WIROLEGI
DES_21_07,KEC_21,DESA/KELURAHAN,ANTIROGO,JAWA TIMUR,JEMBER,SUMBERSARI,ANTIROGO
DES_22_01,KEC_22,DESA/KELURAHAN,KEMUNINGLOR,JAWA TIMUR,JEMBER,ARJASA,KEMUNINGLOR
DES_22_02,KEC_22,DESA/KELURAHAN,DARSONO,JAWA TIMUR,JEMBER,ARJASA,DARSONO
DES_22_03,KEC_22,DESA/KELURAHAN,ARJASA,JAWA TIMUR,JEMBER,ARJASA,ARJASA
DES_22_04,KEC_22,DESA/KELURAHAN,CANDIJATI,JAWA TIMUR,JEMBER,ARJASA,CANDIJATI
DES_22_05,KEC_22,DESA/KELURAHAN,BITING,JAWA TIMUR,JEMBER,ARJASA,BITING
DES_22_06,KEC_22,DESA/KELURAHAN,KAMAL,JAWA TIMUR,JEMBER,ARJASA,KAMAL
DES_23_01,KEC_23,DESA/KELURAHAN,LENGKONG,JAWA TIMUR,JEMBER,MUMBULSARI,LENGKONG
DES_23_02,KEC_23,DESA/KELURAHAN,KAWANGREJO,JAWA TIMUR,JEMBER,MUMBULSARI,KAWANGREJO
DES_23_03,KEC_23,DESA/KELURAHAN,TAMANSARI,JAWA TIMUR,JEMBER,MUMBULSARI,TAMANSARI
DES_23_04,KEC_23,DESA/KELURAHAN,MUMBULSARI,JAWA TIMUR,JEMBER,MUMBULSARI,MUMBULSARI
DES_23_05,KEC_23,DESA/KELURAHAN,SUCO,JAWA TIMUR,JEMBER,MUMBULSARI,SUCO
DES_23_06,KEC_23,DESA/KELURAHAN,LAMPEJI,JAWA TIMUR,JEMBER,MUMBULSARI,LAMPEJI
DES_23_07,KEC_23,DESA/KELURAHAN,KARANG KEDAWUNG,JAWA TIMUR,JEMBER,MUMBULSARI,KARANG KEDAWUNG
DES_24_01,KEC_24,DESA/KELURAHAN,PATEMON,JAWA TIMUR,JEMBER,PAKUSARI,PATEMON
DES_24_02,KEC_24,DESA/KELURAHAN,BEDADUNG,JAWA TIMUR,JEMBER,PAKUSARI,BEDADUNG
DES_24_03,KEC_24,DESA/KELURAHAN,SUMBERPINANG,JAWA TIMUR,JEMBER,PAKUSARI,SUMBERPINANG
DES_24_04,KEC_24,DESA/KELURAHAN,SUBO,JAWA TIMUR,JEMBER,PAKUSARI,SUBO
DES_24_05,KEC_24,DESA/KELURAHAN,KERTOSARI,JAWA TIMUR,JEMBER,PAKUSARI,KERTOSARI
DES_24_06,KEC_24,DESA/KELURAHAN,JATIAN,JAWA TIMUR,JEMBER,PAKUSARI,JATIAN
DES_24_07,KEC_24,DESA/KELURAHAN,PAKUSARI,JAWA TIMUR,JEMBER,PAKUSARI,PAKUSARI
DES_25_01,KEC_25,DESA/KELURAHAN,SUCOPANGEPOK,JAWA TIMUR,JEMBER,JELBUK,SUCOPANGEPOK
DES_25_02,KEC_25,DESA/KELURAHAN,PANDUMAN,JAWA TIMUR,JEMBER,JELBUK,PANDUMAN
DES_25_03,KEC_25,DESA/KELURAHAN,SUKOJEMBER,JAWA TIMUR,JEMBER,JELBUK,SUKOJEMBER
DES_25_04,KEC_25,DESA/KELURAHAN,JELBUK,JAWA TIMUR,JEMBER,JELBUK,JELBUK
DES_25_05,KEC_25,DESA/KELURAHAN,SUKOWIRYO,JAWA TIMUR,JEMBER,JELBUK,SUKOWIRYO
DES_25_06,KEC_25,DESA/KELURAHAN,SUGERKIDUL,JAWA TIMUR,JEMBER,JELBUK,SUGERKIDUL
DES_26_01,KEC_26,DESA/KELURAHAN,MRAWAN,JAWA TIMUR,JEMBER,MAYANG,MRAWAN
DES_26_02,KEC_26,DESA/KELURAHAN,MAYANG,JAWA TIMUR,JEMBER,MAYANG,MAYANG
DES_26_03,KEC_26,DESA/KELURAHAN,SEPUTIH,JAWA TIMUR,JEMBER,MAYANG,SEPUTIH
DES_26_04,KEC_26,DESA/KELURAHAN,TEGALWARU,JAWA TIMUR,JEMBER,MAYANG,TEGALWARU
DES_26_05,KEC_26,DESA/KELURAHAN,TEGALREJO,JAWA TIMUR,JEMBER,MAYANG,TEGALREJO
DES_26_06,KEC_26,DESA/KELURAHAN,SUMBERKEJAYAN,JAWA TIMUR,JEMBER,MAYANG,SUMBERKEJAYAN
DES_26_07,KEC_26,DESA/KELURAHAN,SIDOMUKTI,JAWA TIMUR,JEMBER,MAYANG,SIDOMUKTI
DES_27_01,KEC_27,DESA/KELURAHAN,GUMUKSARI,JAWA TIMUR,JEMBER,KALISAT,GUMUKSARI
DES_27_02,KEC_27,DESA/KELURAHAN,SUKORENO,JAWA TIMUR,JEMBER,KALISAT,SUKORENO
DES_27_03,KEC_27,DESA/KELURAHAN,PATEMPURAN,JAWA TIMUR,JEMBER,KALISAT,PATEMPURAN
DES_27_04,KEC_27,DESA/KELURAHAN,SUMBERKALONG,JAWA TIMUR,JEMBER,KALISAT,SUMBERKALONG
DES_27_05,KEC_27,DESA/KELURAHAN,SUMBERJERUK,JAWA TIMUR,JEMBER,KALISAT,SUMBERJERUK
DES_27_06,KEC_27,DESA/KELURAHAN,GLAGAHWERO,JAWA TIMUR,JEMBER,KALISAT,GLAGAHWERO
DES_27_07,KEC_27,DESA/KELURAHAN,KALISAT,JAWA TIMUR,JEMBER,KALISAT,KALISAT
DES_27_08,KEC_27,DESA/KELURAHAN,AJUNG,JAWA TIMUR,JEMBER,KALISAT,AJUNG
DES_27_09,KEC_27,DESA/KELURAHAN,PLALANGAN,JAWA TIMUR,JEMBER,KALISAT,PLALANGAN
DES_27_10,KEC_27,DESA/KELURAHAN,GAMBIRAN,JAWA TIMUR,JEMBER,KALISAT,GAMBIRAN
DES_27_11,KEC_27,DESA/KELURAHAN,SUMBERKETEMPA,JAWA TIMUR,JEMBER,KALISAT,SUMBERKETEMPA
DES_27_12,KEC_27,DESA/KELURAHAN,SEBANEN,JAWA TIMUR,JEMBER,KALISAT,SEBANEN
DES_28_01,KEC_28,DESA/KELURAHAN,LEMBENGAN,JAWA TIMUR,JEMBER,LEDOKOMBO,LEMBENGAN
DES_28_02,KEC_28,DESA/KELURAHAN,SUREN,JAWA TIMUR,JEMBER,LEDOKOMBO,SUREN
DES_28_03,KEC_28,DESA/KELURAHAN,KARANGPAITON,JAWA TIMUR,JEMBER,LEDOKOMBO,KARANGPAITON
DES_28_04,KEC_28,DESA/KELURAHAN,SUMBERANGET,JAWA TIMUR,JEMBER,LEDOKOMBO,SUMBERANGET
DES_28_05,KEC_28,DESA/KELURAHAN,SUKOGIDRI,JAWA TIMUR,JEMBER,LEDOKOMBO,SUKOGIDRI
DES_28_06,KEC_28,DESA/KELURAHAN,LEDOKOMBO,JAWA TIMUR,JEMBER,LEDOKOMBO,LEDOKOMBO
DES_28_07,KEC_28,DESA/KELURAHAN,SUMBERLESUNG,JAWA TIMUR,JEMBER,LEDOKOMBO,SUMBERLESUNG
DES_28_08,KEC_28,DESA/KELURAHAN,SUMBERSALAK,JAWA TIMUR,JEMBER,LEDOKOMBO,SUMBERSALAK
DES_28_09,KEC_28,DESA/KELURAHAN,SLATENG,JAWA TIMUR,JEMBER,LEDOKOMBO,SLATENG
DES_28_10,KEC_28,DESA/KELURAHAN,SUMBERBULUS,JAWA TIMUR,JEMBER,LEDOKOMBO,SUMBERBULUS
DES_29_01,KEC_29,DESA/KELURAHAN,SUMBERWRINGIN,JAWA TIMUR,JEMBER,SUKOWONO,SUMBERWRINGIN
DES_29_02,KEC_29,DESA/KELURAHAN,SUKOKERTO,JAWA TIMUR,JEMBER,SUKOWONO,SUKOKERTO
DES_29_03,KEC_29,DESA/KELURAHAN,SUMBERWARU,JAWA TIMUR,JEMBER,SUKOWONO,SUMBERWARU
DES_29_04,KEC_29,DESA/KELURAHAN,SUKOWONO,JAWA TIMUR,JEMBER,SUKOWONO,SUKOWONO
DES_29_05,KEC_29,DESA/KELURAHAN,BALETBARU,JAWA TIMUR,JEMBER,SUKOWONO,BALETBARU
DES_29_06,KEC_29,DESA/KELURAHAN,SUKOREJO,JAWA TIMUR,JEMBER,SUKOWONO,SUKOREJO
DES_29_07,KEC_29,DESA/KELURAHAN,SUKOSARI,JAWA TIMUR,JEMBER,SUKOWONO,SUKOSARI
DES_29_08,KEC_29,DESA/KELURAHAN,ARJASA,JAWA TIMUR,JEMBER,SUKOWONO,ARJASA
DES_29_09,KEC_29,DESA/KELURAHAN,SUMBERDANTI,JAWA TIMUR,JEMBER,SUKOWONO,SUMBERDANTI
DES_29_10,KEC_29,DESA/KELURAHAN,POCANGAN,JAWA TIMUR,JEMBER,SUKOWONO,POCANGAN
DES_29_11,KEC_29,DESA/KELURAHAN,DAWUHANMANGLI,JAWA TIMUR,JEMBER,SUKOWONO,DAWUHANMANGLI
DES_29_12,KEC_29,DESA/KELURAHAN,MOJOGEMI,JAWA TIMUR,JEMBER,SUKOWONO,MOJOGEMI
DES_30_01,KEC_30,DESA/KELURAHAN,SEMPOLAN,JAWA TIMUR,JEMBER,SILO,SEMPOLAN
DES_30_02,KEC_30,DESA/KELURAHAN,HARJOMULYO,JAWA TIMUR,JEMBER,SILO,HARJOMULYO
DES_30_03,KEC_30,DESA/KELURAHAN,KARANGHARJO,JAWA TIMUR,JEMBER,SILO,KARANGHARJO
DES_30_04,KEC_30,DESA/KELURAHAN,SILO,JAWA TIMUR,JEMBER,SILO,SILO
DES_30_05,KEC_30,DESA/KELURAHAN,PACE,JAWA TIMUR,JEMBER,SILO,PACE
DES_30_06,KEC_30,DESA/KELURAHAN,MULYOREJO,JAWA TIMUR,JEMBER,SILO,MULYOREJO
DES_30_07,KEC_30,DESA/KELURAHAN,SUMBERJATI,JAWA TIMUR,JEMBER,SILO,SUMBERJATI
DES_30_08,KEC_30,DESA/KELURAHAN,GARAHAN,JAWA TIMUR,JEMBER,SILO,GARAHAN
DES_30_09,KEC_30,DESA/KELURAHAN,SIDOMULYO,JAWA TIMUR,JEMBER,SILO,SIDOMULYO
DES_31_01,KEC_31,DESA/KELURAHAN,PLEREAN,JAWA TIMUR,JEMBER,SUMBERJAMBE,PLEREAN
DES_31_02,KEC_31,DESA/KELURAHAN,SUMBERPAKEM,JAWA TIMUR,JEMBER,SUMBERJAMBE,SUMBERPAKEM
DES_31_03,KEC_31,DESA/KELURAHAN,PRINGGONDANI,JAWA TIMUR,JEMBER,SUMBERJAMBE,PRINGGONDANI
DES_31_04,KEC_31,DESA/KELURAHAN,RANDUAGUNG,JAWA TIMUR,JEMBER,SUMBERJAMBE,RANDUAGUNG
DES_31_05,KEC_31,DESA/KELURAHAN,CUMEDAK,JAWA TIMUR,JEMBER,SUMBERJAMBE,CUMEDAK
DES_31_06,KEC_31,DESA/KELURAHAN,SUMBERJAMBE,JAWA TIMUR,JEMBER,SUMBERJAMBE,SUMBERJAMBE
DES_31_07,KEC_31,DESA/KELURAHAN,GUNUNGMALANG,JAWA TIMUR,JEMBER,SUMBERJAMBE,GUNUNGMALANG
DES_31_08,KEC_31,DESA/KELURAHAN,JAMBEARUM,JAWA TIMUR,JEMBER,SUMBERJAMBE,JAMBEARUM
DES_31_09,KEC_31,DESA/KELURAHAN,ROWOSARI,JAWA TIMUR,JEMBER,SUMBERJAMBE,ROWOSARI
